﻿<?xml version="1.0" encoding="utf-8"?>
<TextureAtlas imagePath="FLASH.png">
	<!-- Created with Adobe Animate version 21.0.7.42652 -->
	<!-- http://www.adobe.com/products/animate.html -->
	<SubTexture name="flashing0000" x="0" y="0" width="1899" height="765"/>
	<SubTexture name="flashing0001" x="1899" y="0" width="1899" height="765"/>
	<SubTexture name="flashing0002" x="0" y="765" width="1899" height="765"/>
	<SubTexture name="flashing0003" x="0" y="0" width="1899" height="765"/>
	<SubTexture name="flashing0004" x="1899" y="0" width="1899" height="765"/>
	<SubTexture name="flashing0005" x="0" y="765" width="1899" height="765"/>
	<SubTexture name="flashing0006" x="0" y="0" width="1899" height="765"/>
	<SubTexture name="flashing0007" x="1899" y="0" width="1899" height="765"/>
	<SubTexture name="flashing0008" x="0" y="765" width="1899" height="765"/>
	<SubTexture name="flashing0009" x="0" y="0" width="1899" height="765"/>
	<SubTexture name="flashing0010" x="1899" y="0" width="1899" height="765"/>
	<SubTexture name="flashing0011" x="0" y="765" width="1899" height="765"/>
</TextureAtlas>
