﻿<?xml version="1.0" encoding="utf-8"?>
<TextureAtlas imagePath="SKY.png">
	<!-- Created with Adobe Animate version 21.0.7.42652 -->
	<!-- http://www.adobe.com/products/animate.html -->
	<SubTexture name="ok0000" x="0" y="0" width="1735" height="1075" frameX="-176" frameY="-242" frameWidth="1919" frameHeight="1317"/>
	<SubTexture name="ok0001" x="1735" y="0" width="1734" height="1057" frameX="-176" frameY="-242" frameWidth="1919" frameHeight="1317"/>
	<SubTexture name="ok0002" x="3469" y="0" width="1734" height="1057" frameX="-176" frameY="-242" frameWidth="1919" frameHeight="1317"/>
	<SubTexture name="ok0003" x="5203" y="0" width="1734" height="1057" frameX="-176" frameY="-242" frameWidth="1919" frameHeight="1317"/>
	<SubTexture name="ok0004" x="0" y="1075" width="1743" height="1058" frameX="-176" frameY="-242" frameWidth="1919" frameHeight="1317"/>
	<SubTexture name="ok0005" x="1743" y="1075" width="1734" height="1105" frameX="-176" frameY="-194" frameWidth="1919" frameHeight="1317"/>
	<SubTexture name="ok0006" x="3477" y="1075" width="1734" height="1154" frameX="-176" frameY="-145" frameWidth="1919" frameHeight="1317"/>
	<SubTexture name="ok0007" x="5211" y="1075" width="1734" height="1202" frameX="-176" frameY="-97" frameWidth="1919" frameHeight="1317"/>
	<SubTexture name="ok0008" x="0" y="2277" width="1821" height="1251" frameX="-89" frameY="-48" frameWidth="1919" frameHeight="1317"/>
	<SubTexture name="ok0009" x="1821" y="2277" width="1911" height="1300" frameX="0" frameY="0" frameWidth="1919" frameHeight="1317"/>
	<SubTexture name="ok0010" x="1821" y="2277" width="1911" height="1300" frameX="0" frameY="0" frameWidth="1919" frameHeight="1317"/>
</TextureAtlas>
